name,BW,EG,Harmonic,Degree,IsDirector,IsActive,Days,normalized_BW,normalized_EG,normalized_Degree,normalized_Harmonic,Average,Average_rank,weight,weighted_average,weighted_rank,rank_BW,rank_EG,rank_Harmonic,rank_Degree,rank_Days,by_rank,order,sBW,sEG,sHarmonic,sD,sDays,weighted_days,OWA,OWA_rank,weighted_OWA,weighted_OWA_rank
WAITE SIMON NICHOLAS,44.23550268,214.6531072,0.161392405,43,0.5,0.5,409.7906977,0.1159764211349319,0.7808471565900762,0.6363636363636364,0.8225806433527575,0.5889419643603505,4.0,0.0003042941433152158,0.0001792115905074132,72.0,8.0,3.0,6.0,3.0,145.0,5.0,5.0,1.5403014363588865,2.3485642937214974,0.00624743285830952,1.215044034,,0.0012171765732608632,1.2775392992346732,5.0,0.000388747726612136,22.0
BENSON CHRISTINE,62.65404139,164.5597982,0.1592827,36,0.5,1.0,1319.333333,0.16426605440922037,0.5986165589926826,0.5303030303030303,0.8118279533721817,0.5262533992692787,5.0,0.0019593680801722278,0.0010311241126103555,19.0,5.0,4.0,7.0,4.0,96.0,5.0,5.0,2.5445619416436824,1.782478163903567,0.0058574787344835,0.986728752,,0.0039187361603444555,1.3299065840704334,4.0,0.0026057765104384903,7.0
BROWN ANDREW DAVID,0.0,0.019544278,0.0,1,0.5,0.5,4600.0,0.0,4.821923631029294e-05,0.0,0.0,1.2054809077573235e-05,159.0,0.0034157755827701228,4.117652250213028e-08,157.0,159.0,158.0,159.0,159.0,15.0,158.75,159.0,0.0,4.5033944911878005e-05,0.0,0.00024407,,0.013663102331080491,7.22759862279695e-05,159.0,2.468785489781279e-07,140.0
FARBRIDGE CAROLINE,0.0,24.54838364,0.11814346,3,0.5,0.5,200.0,0.0,0.08927979815451932,0.030303030303030304,0.6021505369767604,0.1804333413585775,34.0,0.00014851198185957055,2.6796513118706764e-05,138.0,159.0,25.0,31.0,98.0,151.0,78.25,69.0,0.0,0.2153091350683975,0.0012685813511171002,0.004694178,,0.0005940479274382822,0.05531797360487865,30.0,8.21538189251594e-06,87.0
FARBRIDGE CAROLINE LOUISE,46.79570252,160.786473,0.155063291,29,0.5,0.5,1114.0,0.12268874035466286,0.5848898693438653,0.42424242424242425,0.7903225785078043,0.4805359031121892,6.0,0.000827211738957808,0.0003975049400450948,48.0,7.0,5.0,9.0,6.0,112.0,6.75,6.0,1.7152092954768052,1.724190205913094,0.005146338191581329,0.747888337,,0.003308846955831232,1.0481085441453701,7.0,0.0008670076914190282,14.0
JAMES JEAN,0.0,0.019544278,0.006329114,1,0.5,0.5,3637.0,0.0,4.821923631029294e-05,0.0,0.03225806484495317,0.008076571020315866,156.0,0.0027006903901162908,2.1812317739658786e-05,141.0,159.0,158.0,156.0,159.0,24.0,158.0,158.0,0.0,4.5033944911878005e-05,1.113924064e-07,0.00024407,,0.010802761560465163,7.23038343295695e-05,158.0,1.9527027054242873e-07,146.0
MCALEER FRANCIS JOSEPH,0.0,0.019544278,0.006329114,1,0.5,0.5,1744.0,0.0,4.821923631029294e-05,0.0,0.03225806484495317,0.008076571020315866,156.0,0.0012950244818154552,1.0459357200430278e-05,147.0,159.0,158.0,156.0,159.0,68.0,158.0,158.0,0.0,4.5033944911878005e-05,1.113924064e-07,0.00024407,,0.005180097927261821,7.23038343295695e-05,158.0,9.363523558592127e-08,151.0
MOTTRAM MANDY JOANNE,0.0,6.783623885,0.121308017,4,0.5,0.5,429.0,0.0,0.0246547444107593,0.045454545454545456,0.6182795693992369,0.1720972148161354,42.0,0.00031855820108877886,5.4822979164217235e-05,122.0,159.0,36.0,29.0,84.0,144.0,77.0,51.0,0.0,0.05327070620545952,0.0014432811776161692,0.009587248,,0.0012742328043551154,0.016075308845768924,68.0,5.120921467854682e-06,90.0
ROBINSON GARY NIGEL,0.0,0.019544278,0.006329114,1,0.5,0.5,825.0,0.0,4.821923631029294e-05,0.0,0.03225806484495317,0.008076571020315866,156.0,0.0006126119251707285,4.9478037215338185e-06,150.0,159.0,158.0,156.0,159.0,119.0,158.0,158.0,0.0,4.5033944911878005e-05,1.113924064e-07,0.00024407,,0.002450447700682914,7.23038343295695e-05,158.0,4.429419114586299e-08,154.0
SAYER GAVIN,0.0,0.019544278,0.006329114,1,0.5,0.5,2453.0,0.0,4.821923631029294e-05,0.0,0.03225806484495317,0.008076571020315866,156.0,0.001821499457507633,1.471146973202722e-05,145.0,159.0,158.0,156.0,159.0,48.0,158.0,158.0,0.0,4.5033944911878005e-05,1.113924064e-07,0.00024407,,0.007285997830030532,7.23038343295695e-05,158.0,1.3170139500703262e-07,149.0
SHAW SUSAN,8.666666667,2.181627132,0.101265823,14,0.5,1.0,1830.0,0.022722223605758023,0.007913494228215863,0.19696969696969696,0.5161290324224765,0.18593361180653684,33.0,0.002717769268030141,0.000505324656061652,40.0,14.0,54.0,40.0,15.0,64.0,30.75,21.0,0.22183418400853208,0.014296861447389866,0.000685305115380324,0.274481074,,0.005435538536060282,0.12782435614282556,22.0,0.0003473971068307111,23.0
SMITH MALCOLM ALBERT,0.0,0.019544278,0.006329114,1,0.5,0.5,1372.0,0.0,4.821923631029294e-05,0.0,0.03225806484495317,0.008076571020315866,156.0,0.0010187921955566541,8.228347522356847e-06,148.0,159.0,158.0,156.0,159.0,87.0,158.0,158.0,0.0,4.5033944911878005e-05,1.113924064e-07,0.00024407,,0.0040751687822266165,7.23038343295695e-05,158.0,7.36625821237867e-08,153.0
TAYLOR MICHAEL FREDERICK,0.0,0.019544278,0.006329114,1,0.5,1.0,3455.0,0.0,4.821923631029294e-05,0.0,0.03225806484495317,0.008076571020315866,156.0,0.005131088973248163,4.144160450399841e-05,125.0,159.0,158.0,156.0,159.0,26.0,158.0,158.0,0.0,4.5033944911878005e-05,1.113924064e-07,0.00024407,,0.010262177946496327,7.23038343295695e-05,158.0,3.7099740705201607e-07,130.0
TOWNS DAVID CALDER,5.666666667,0.811882688,0.079113924,7,0.5,0.5,3942.0,0.014856838511759687,0.0029306062224378937,0.09090909090909091,0.4032258054651405,0.12798058527710723,66.0,0.0029271711624521356,0.00037462107857689467,50.0,18.0,66.0,66.0,54.0,20.0,51.0,38.0,0.11814041200694944,0.004716021940154623,0.000141087262567932,0.041838881,,0.011708684649808542,0.041209100552418,36.0,0.00012062609076762834,48.0
ANTLES KERRI,0.0,0.047867548,0.012658228,2,1.0,1.0,1584.0,0.0,0.00015125428272761646,0.015151515151515152,0.06451612968990635,0.01995472478103728,118.0,0.004704859585311195,9.388417815831008e-05,101.0,159.0,128.0,122.0,127.0,72.0,134.0,122.0,0.0,0.000149109661794756,1.276822800132e-06,0.001293744,,0.004704859585311195,0.00036103262114872204,124.0,1.6986077882215902e-06,110.0
ASHER JOHN ROBERT,0.0,0.047867548,0.0,2,1.0,0.5,484.5,0.0,0.00015125428272761646,0.015151515151515152,0.0,0.003825692358560692,158.0,0.0007195405521096194,2.7527407918803122e-06,154.0,159.0,128.0,159.0,127.0,142.0,143.25,134.0,0.0,0.000149109661794756,0.0,0.001293744,,0.0014390811042192387,0.00036071341544868904,126.0,2.5954793010529623e-07,139.0
ASHKURI MICHAEL EDWARD,0.0,16.63671466,0.122362869,6,1.0,0.5,471.0,0.0,0.06049854582762349,0.07575757575757576,0.6236559118411377,0.18997800835658424,32.0,0.0006994914345585774,0.00013288798959992852,86.0,159.0,31.0,26.0,63.0,143.0,69.75,49.0,0.0,0.13737835341025106,0.0016980100774168288,0.027263328000000003,,0.0013989828691171548,0.04158492287191697,35.0,2.9088297355685e-05,64.0
ASPBURY ROBERT ALLEN,15.33333333,0.421803947,0.03164557,9,1.0,0.5,4388.222222,0.04020085713836331,0.0015115687601199447,0.12121212121212122,0.16129032422476586,0.08105371783384258,71.0,0.006517035790294285,0.0005282299800595662,39.0,13.0,71.0,71.0,50.0,17.0,51.25,39.0,0.4131325012435219,0.0023300707332687674,4.366826001769e-05,0.060762771,,0.01303407158058857,0.11906725280920208,23.0,0.0007759655480095877,16.0
ASQUITH COLIN,0.0,2.226393949,0.082278481,13,1.0,0.5,5168.0,0.0,0.008076347990071429,0.18181818181818182,0.419354837887617,0.1523123419239676,62.0,0.007675099222502607,0.0011690123370781949,18.0,159.0,53.0,65.0,35.0,13.0,78.0,67.0,0.0,0.014737608066223654,0.00015445341136864301,0.138599734,,0.015350198445005214,0.03837294886939807,56.0,0.00029451619003264943,26.0
BAILEY SUZIE,0.0,1.865924744,0.091772152,11,1.0,1.0,1013.0,0.0,0.006765024782363041,0.15151515151515152,0.46774193515504675,0.15650552786314031,48.0,0.0030088527524748995,0.0004709020882885468,42.0,159.0,63.0,49.0,42.0,115.0,78.25,69.0,0.0,0.01117046110581692,0.000391421259925584,0.09475756399999999,,0.0030088527524748995,0.026579861591435622,61.0,7.997488970979293e-05,54.0
BAKER KIMBERLEY,0.0,0.034081764,0.012658228,1,1.0,1.0,786.0,0.0,0.00010110403897612886,0.0,0.06451612968990635,0.01615430843222062,124.0,0.002334608354832449,3.771398343240254e-05,128.0,159.0,131.0,122.0,159.0,122.0,142.75,129.0,0.0,0.00010301305189762801,1.276822800132e-06,0.00024407,,0.002334608354832449,8.708996867444001e-05,132.0,2.0332096848944392e-07,144.0
BAKER OLIVER,4.0,0.062223836,0.018987342,3,1.0,1.0,1302.0,0.010487180125331121,0.0002034799191198997,0.030303030303030304,0.09677419453485951,0.034441971220585205,89.0,0.0038672520076232174,0.0001331957823493092,85.0,20.0,108.0,95.0,98.0,102.0,80.25,70.0,0.075262392,0.00023698315061232398,7.650398825982e-06,0.004694178,,0.0038672520076232174,0.020050300887359575,66.0,7.75395663600909e-05,55.0
BALEN ADAM HENRY,0.0,0.019544278,0.006329114,1,1.0,1.0,1399.0,0.0,4.821923631029294e-05,0.0,0.03225806484495317,0.008076571020315866,156.0,0.004155365252430784,3.356110257660999e-05,132.0,159.0,158.0,156.0,159.0,86.0,158.0,158.0,0.0,4.5033944911878005e-05,1.113924064e-07,0.00024407,,0.004155365252430784,7.23038343295695e-05,158.0,3.004488407906052e-07,134.0
BANCE AMRIT,0.0,0.157618656,0.025316456,4,1.0,1.0,1302.0,0.0,0.000550509400767754,0.045454545454545456,0.1290322593798127,0.04375932855878148,81.0,0.0038672520076232174,0.00016922835122119167,78.0,159.0,82.0,80.0,84.0,102.0,101.25,88.0,0.0,0.000779566741185024,2.2017519251552003e-05,0.009587248,,0.0038672520076232174,0.002597208065109144,88.0,1.0044058104008549e-05,84.0
BANCE HANS RAJ,0.0,0.157618656,0.025316456,4,1.0,1.0,1302.0,0.0,0.000550509400767754,0.045454545454545456,0.1290322593798127,0.04375932855878148,81.0,0.0038672520076232174,0.00016922835122119167,78.0,159.0,82.0,80.0,84.0,102.0,101.25,88.0,0.0,0.000779566741185024,2.2017519251552003e-05,0.009587248,,0.0038672520076232174,0.002597208065109144,88.0,1.0044058104008549e-05,84.0
BANCE NIRA KUMARI,0.0,0.157618656,0.025316456,4,1.0,1.0,1302.0,0.0,0.000550509400767754,0.045454545454545456,0.1290322593798127,0.04375932855878148,81.0,0.0038672520076232174,0.00016922835122119167,78.0,159.0,82.0,80.0,84.0,102.0,101.25,88.0,0.0,0.000779566741185024,2.2017519251552003e-05,0.009587248,,0.0038672520076232174,0.002597208065109144,88.0,1.0044058104008549e-05,84.0
BARBER DEAN ANTHONY,0.352941176,70.76902698,0.116033755,12,1.0,0.5,851.0,0.0009253394215895484,0.25742232308103574,0.16666666666666666,0.5913978469961845,0.25410304404136913,18.0,0.0012638369656249454,0.0003211448201373058,55.0,45.0,12.0,35.0,37.0,118.0,32.25,23.0,0.0018420885857791762,0.7073351508226144,0.001014816252875605,0.120377064,,0.002527673931249891,0.2076422799153173,15.0,0.00026242598898362015,30.0
BARKER VICTOR,0.0,2.226393949,0.082278481,13,1.0,0.5,2693.0,0.0,0.008076347990071429,0.18181818181818182,0.419354837887617,0.1523123419239676,62.0,0.003999427671478235,0.0006091621949983704,36.0,159.0,53.0,65.0,35.0,45.0,78.0,67.0,0.0,0.014737608066223654,0.00015445341136864301,0.138599734,,0.00799885534295647,0.03837294886939807,56.0,0.0001534698335444901,42.0
BARNES CHRISTOPHER MATTHEW,2.0,0.22643982,0.025316456,5,1.0,1.0,824.0,0.0052435900626655605,0.0008008686222571595,0.06060606060606061,0.1290322593798127,0.04892069466769901,73.0,0.002447477461045723,0.000119732297577893,91.0,29.0,76.0,80.0,71.0,120.0,64.0,42.0,0.023717038,0.0011895626467209601,2.2017519251552003e-05,0.01780621,,0.002447477461045723,0.010683707041493127,72.0,2.614813218446991e-05,67.0
BELL COLIN STEPHEN,0.0,2.226393949,0.082278481,13,1.0,0.5,5168.0,0.0,0.008076347990071429,0.18181818181818182,0.419354837887617,0.1523123419239676,62.0,0.007675099222502607,0.0011690123370781949,18.0,159.0,53.0,65.0,35.0,13.0,78.0,67.0,0.0,0.014737608066223654,0.00015445341136864301,0.138599734,,0.015350198445005214,0.03837294886939807,56.0,0.00029451619003264943,26.0
BHATT TUHIN,0.0,0.055146383,0.015822785,2,1.0,0.5,70.0,0.0,0.00017773339697145336,0.015151515151515152,0.08064516211238293,0.023993602665217384,102.0,0.00010395838730169939,2.4943362386337555e-06,156.0,159.0,111.0,102.0,127.0,157.0,124.75,104.0,0.0,0.00020379020473990298,4.452120306589999e-06,0.001293744,,0.00020791677460339878,0.00037549658126162326,109.0,3.903601902525987e-08,156.0
BLAKE SAMUEL,0.0,0.079398006,0.006329114,2,1.0,1.0,3798.0,0.0,0.0002659565117989585,0.015151515151515152,0.03225806484495317,0.01191888412706682,132.0,0.01128097014205298,0.00013445657596403,84.0,159.0,98.0,156.0,127.0,23.0,135.0,126.0,0.0,0.000334363106011368,1.113924064e-07,0.001293744,,0.01128097014205298,0.000407054624604442,102.0,4.591971066347295e-06,92.0
BOLSER DAVID ASHLEY,0.0,0.047867548,0.012658228,2,1.0,1.0,1579.0,0.0,0.00015125428272761646,0.015151515151515152,0.06451612968990635,0.01995472478103728,118.0,0.004690008387125238,9.358782658584066e-05,103.0,159.0,128.0,122.0,127.0,74.0,134.0,122.0,0.0,0.000149109661794756,1.276822800132e-06,0.001293744,,0.004690008387125238,0.00036103262114872204,124.0,1.693246021213315e-06,112.0
BOLSER JANE LOUISE,0.0,0.047867548,0.012658228,2,1.0,1.0,1579.0,0.0,0.00015125428272761646,0.015151515151515152,0.06451612968990635,0.01995472478103728,118.0,0.004690008387125238,9.358782658584066e-05,103.0,159.0,128.0,122.0,127.0,74.0,134.0,122.0,0.0,0.000149109661794756,1.276822800132e-06,0.001293744,,0.004690008387125238,0.00036103262114872204,124.0,1.693246021213315e-06,112.0
BONNETT BARRY ALLEN,0.916666667,6.977123439,0.116033755,4,1.0,1.0,580.0,0.0024033121129289803,0.025358661561855247,0.045454545454545456,0.5913978469961845,0.16615359153137854,45.0,0.0017227389895710186,0.00028623927038836283,58.0,41.0,35.0,35.0,84.0,135.0,48.75,37.0,0.005873880835469291,0.05534366643502168,0.001014816252875605,0.009587248,,0.0017227389895710186,0.017954902880841644,67.0,3.09316112467869e-05,62.0
BOOTH IAN NORMAN,0.0,0.079398006,0.006329114,2,1.0,1.0,3419.0,0.0,0.0002659565117989585,0.015151515151515152,0.03225806484495317,0.01191888412706682,132.0,0.010155249319557434,0.00012103923992127923,90.0,159.0,98.0,156.0,127.0,30.0,135.0,126.0,0.0,0.000334363106011368,1.113924064e-07,0.001293744,,0.010155249319557434,0.000407054624604442,102.0,4.133741199536966e-06,93.0
BOOTH LISA,0.0,0.123345213,0.006329114,4,1.0,1.0,3419.0,0.0,0.000425828677447795,0.045454545454545456,0.03225806484495317,0.019534609744236604,123.0,0.010155249319557434,0.0001983788323129788,66.0,159.0,88.0,156.0,84.0,30.0,121.75,98.0,0.0,0.00057435328397811,1.113924064e-07,0.009587248,,0.010155249319557434,0.0025404281690961272,92.0,2.5798681435597985e-05,68.0
BOTT SUSAN MARY,1.333333333,2.10974425,0.098101266,13,1.0,1.0,1229.0,0.003495726707569775,0.007651997018201589,0.18181818181818182,0.5,0.1732414763859883,41.0,0.0036504245141082445,0.0006324049322597163,35.0,36.0,60.0,46.0,35.0,110.0,44.25,34.0,0.011041661330572917,0.013016708512627,0.0004880196591094321,0.138599734,,0.0036504245141082445,0.040786530875577334,42.0,0.0001488881521536403,45.0
BRADLEY STEPHEN JOHN,3.083333333,7.263071562,0.119198312,6,1.0,1.0,1288.0,0.008083868012402141,0.026398890254596293,0.07575757575757576,0.6075268794186611,0.17944180336080884,35.0,0.003825668652702538,0.0006864848821018592,32.0,23.0,33.0,30.0,63.0,103.0,37.25,25.0,0.04974040424462266,0.0587816069747234,0.001347271581717488,0.027263328000000003,,0.003825668652702538,0.034283152700265884,58.0,0.00013115598260122157,47.0
BROOK KENNETH,0.0,2.226393949,0.082278481,13,1.0,0.5,1456.0,0.0,0.008076347990071429,0.18181818181818182,0.419354837887617,0.1523123419239676,62.0,0.002162334455875347,0.00032935022499726226,53.0,159.0,53.0,65.0,35.0,81.0,78.0,67.0,0.0,0.014737608066223654,0.00015445341136864301,0.138599734,,0.004324668911750694,0.03837294886939807,56.0,8.29751495138424e-05,52.0
BURTON JANET,0.0,0.047867548,0.012658228,2,1.0,0.5,166.0,0.0,0.00015125428272761646,0.015151515151515152,0.06451612968990635,0.01995472478103728,118.0,0.0002465298898868871,4.919436102992258e-06,151.0,159.0,128.0,122.0,127.0,154.0,134.0,122.0,0.0,0.000149109661794756,1.276822800132e-06,0.001293744,,0.0004930597797737742,0.00036103262114872204,124.0,8.900533233736868e-08,152.0
BUXTON MARK CHRISTOPHER,0.0,0.364658018,0.022151899,6,1.0,0.5,778.0,0.0,0.0013036819784356236,0.07575757575757576,0.1129032269573361,0.04749112117333687,75.0,0.001155423218867459,5.487234409372142e-05,121.0,159.0,72.0,87.0,63.0,124.0,95.25,82.0,0.0,0.0019942494266567776,1.3453690034862e-05,0.027263328000000003,,0.002310846437734918,0.0073177577791729105,73.0,8.455107248104352e-06,86.0
CARR-BRENDEL VICTORIA,1.0,0.077373644,0.018987342,3,1.0,0.5,1153.0,0.0026217950313327802,0.00025859224091372997,0.030303030303030304,0.09677419453485951,0.032489403027534086,93.0,0.0017123431508408486,5.563300674910592e-05,118.0,40.0,102.0,95.0,98.0,111.0,83.75,77.0,0.006745127,0.000312998750963116,7.650398825982e-06,0.004694178,,0.003424686301681697,0.0029399885374472748,83.0,5.034269235648445e-06,91.0
CARRUTHERS PHILLIP JAMES,0.0,0.019544278,0.006329114,1,1.0,1.0,2307.0,0.0,4.821923631029294e-05,0.0,0.03225806484495317,0.008076571020315866,156.0,0.006852342843000586,5.534343362704737e-05,120.0,159.0,158.0,156.0,159.0,53.0,158.0,158.0,0.0,4.5033944911878005e-05,1.113924064e-07,0.00024407,,0.006852342843000586,7.23038343295695e-05,158.0,4.954506616897257e-07,129.0
CAWTHRA MAXWELL JAMES,0.0,0.130336054,0.022151899,3,1.0,0.5,1886.0,0.0,0.0004512601204602414,0.030303030303030304,0.1129032269573361,0.035914379345206665,85.0,0.002800935977871501,0.00010059387723091446,99.0,159.0,84.0,87.0,98.0,60.0,107.0,91.0,0.0,0.0006318014150439201,1.3453690034862e-05,0.004694178,,0.005601871955743002,0.0013348582762696957,95.0,3.7388525713633262e-06,95.0
CELINO GIANPIERO JOHN,0.0,4.916145738,0.109704641,3,1.0,1.0,570.0,0.0,0.017861189233003262,0.030303030303030304,0.5591397821512314,0.15182600042181624,63.0,0.0016930365931991044,0.00025704697451319755,60.0,159.0,37.0,38.0,98.0,136.0,83.0,73.0,0.0,0.03821964588853652,0.000822619263196731,0.004694178,,0.0016930365931991044,0.010934110787933313,70.0,1.851184967806419e-05,73.0
CHAPPELOW THOMAS,0.0,0.047867548,0.012658228,2,1.0,0.5,1557.0,0.0,0.00015125428272761646,0.015151515151515152,0.06451612968990635,0.01995472478103728,118.0,0.0023123315575535137,4.614193983348763e-05,123.0,159.0,128.0,122.0,127.0,76.0,134.0,122.0,0.0,0.000149109661794756,1.276822800132e-06,0.001293744,,0.004624663115107027,0.00036103262114872204,124.0,8.348271231884521e-07,121.0
CLARKE STUART JAMES,0.0,0.019544278,0.006329114,1,1.0,1.0,1257.0,0.0,4.821923631029294e-05,0.0,0.03225806484495317,0.008076571020315866,156.0,0.0037335912239496037,3.0154614681057017e-05,136.0,159.0,158.0,156.0,159.0,106.0,158.0,158.0,0.0,4.5033944911878005e-05,1.113924064e-07,0.00024407,,0.0037335912239496037,7.23038343295695e-05,158.0,2.6995296131078676e-07,138.0
COLLIER MICHAEL,0.833333333,7.091596774,0.116033755,5,1.0,0.5,487.0,0.0021848291919033852,0.025775095306450096,0.06060606060606061,0.5913978469961845,0.16999095802514963,44.0,0.0007232533516561086,0.00012294653014292234,89.0,43.0,34.0,35.0,71.0,141.0,45.75,36.0,0.004819252498072299,0.056819880275175046,0.001014816252875605,0.01780621,,0.0014465067033122172,0.02011503975653074,65.0,1.4548269922606732e-05,78.0
CONROY JAMIE,0.0,0.019544278,0.006329114,1,1.0,0.5,1573.0,0.0,4.821923631029294e-05,0.0,0.03225806484495317,0.008076571020315866,156.0,0.002336093474651045,1.886762485811563e-05,143.0,159.0,158.0,156.0,159.0,75.0,158.0,158.0,0.0,4.5033944911878005e-05,1.113924064e-07,0.00024407,,0.00467218694930209,7.23038343295695e-05,158.0,1.6890851556955754e-07,148.0
COOP ROBERT,0.0,0.100756163,0.022151899,3,1.0,1.0,609.0,0.0,0.00034365370911704647,0.030303030303030304,0.1129032269573361,0.03588747774237086,88.0,0.0018088759390495694,6.491599500135161e-05,116.0,159.0,92.0,87.0,98.0,134.0,109.0,94.0,0.0,0.000450681007268881,1.3453690034862e-05,0.004694178,,0.0018088759390495694,0.0012895781743259358,98.0,2.3326869310616566e-06,107.0
CORNELL ALISON ANN,0.0,0.086271856,0.018987342,1,1.0,0.5,1014.0,0.0,0.0002909623622468664,0.0,0.09677419453485951,0.024266289224276594,96.0,0.0015059114960560454,3.654288390945906e-05,129.0,159.0,94.0,95.0,159.0,113.0,126.75,106.0,0.0,0.00037821357363574396,7.650398825982e-06,0.00024407,,0.0030118229921120908,0.0001574834931154315,129.0,2.3715620272159137e-07,141.0
CROISDALE-APPLEBY DAVID,0.0,0.476707992,0.07278481,5,1.0,0.5,2183.0,0.0,0.0017112999643585025,0.06060606060606061,0.37096774062018734,0.1083212752976516,69.0,0.0032420165639944253,0.0003511793687479867,52.0,159.0,69.0,70.0,71.0,54.0,92.25,80.0,0.0,0.002686832072086224,0.00010572313905664001,0.01780621,,0.006484033127988851,0.005149691302785716,77.0,1.6695384503089323e-05,74.0
DARPOE HANNAH,0.0,16.63671466,0.122362869,6,1.0,0.5,305.0,0.0,0.06049854582762349,0.07575757575757576,0.6236559118411377,0.18997800835658424,32.0,0.0004529615446716902,8.605273211884967e-05,106.0,159.0,31.0,26.0,63.0,149.0,69.75,49.0,0.0,0.13737835341025106,0.0016980100774168288,0.027263328000000003,,0.0009059230893433805,0.04158492287191697,35.0,1.8836370899116613e-05,72.0
DAVIES PHILIP HOWARD,1.0,0.077373644,0.018987342,3,1.0,1.0,2449.0,0.0026217950313327802,0.00025859224091372997,0.030303030303030304,0.09677419453485951,0.032489403027534086,93.0,0.007274116871481766,0.00023633171470695646,63.0,40.0,102.0,95.0,98.0,51.0,83.75,77.0,0.006745127,0.000312998750963116,7.650398825982e-06,0.004694178,,0.007274116871481766,0.0029399885374472748,83.0,2.1385820222208224e-05,71.0
DUGDALE ANNE TERESA GRACE,0.0,0.019544278,0.006329114,1,1.0,1.0,1399.0,0.0,4.821923631029294e-05,0.0,0.03225806484495317,0.008076571020315866,156.0,0.004155365252430784,3.356110257660999e-05,132.0,159.0,158.0,156.0,159.0,86.0,158.0,158.0,0.0,4.5033944911878005e-05,1.113924064e-07,0.00024407,,0.004155365252430784,7.23038343295695e-05,158.0,3.004488407906052e-07,134.0
DUNK TRACEY ANN,0.0,2.226393949,0.082278481,13,1.0,0.5,3961.0,0.0,0.008076347990071429,0.18181818181818182,0.419354837887617,0.1523123419239676,62.0,0.00588255960145759,0.0008959864294053269,23.0,159.0,53.0,65.0,35.0,19.0,78.0,67.0,0.0,0.014737608066223654,0.00015445341136864301,0.138599734,,0.01176511920291518,0.03837294886939807,56.0,0.0002257311588079188,32.0
DURNELL BARRIE,0.0,2.226393949,0.082278481,13,1.0,0.5,3233.0,0.0,0.008076347990071429,0.18181818181818182,0.419354837887617,0.1523123419239676,62.0,0.004801392373519916,0.0007313113169066958,29.0,159.0,53.0,65.0,35.0,33.0,78.0,67.0,0.0,0.014737608066223654,0.00015445341136864301,0.138599734,,0.009602784747039832,0.03837294886939807,56.0,0.0001842435840509976,40.0
EAVIS ALEXANDRA NAOMI,0.25,19.09114225,0.122362869,6,1.0,1.0,1342.0,0.0006554487578331951,0.06942731925892608,0.07575757575757576,0.6236559118411377,0.1923740639038682,30.0,0.003986061593110874,0.0007668148676378658,27.0,48.0,29.0,26.0,63.0,95.0,41.5,28.0,0.00111871375,0.1608467298669845,0.0016980100774168288,0.027263328000000003,,0.003986061593110874,0.04773169542360033,33.0,0.00019026147790207935,38.0
EISENBERG GLENN ANDREW,0.0,0.086271856,0.018987342,1,1.0,1.0,1342.0,0.0,0.0002909623622468664,0.0,0.09677419453485951,0.024266289224276594,96.0,0.003986061593110874,9.672692348420918e-05,100.0,159.0,94.0,95.0,159.0,95.0,126.75,106.0,0.0,0.00037821357363574396,7.650398825982e-06,0.00024407,,0.003986061593110874,0.0001574834931154315,129.0,6.277389034563622e-07,122.0
EMSLEY KEVIN HARRY,0.0,0.047867548,0.0,2,1.0,0.5,617.0,0.0,0.00015125428272761646,0.015151515151515152,0.0,0.003825692358560692,158.0,0.0009163189280735504,3.505554321135506e-06,153.0,159.0,128.0,159.0,127.0,131.0,143.25,134.0,0.0,0.000149109661794756,0.0,0.001293744,,0.0018326378561471007,0.00036071341544868904,126.0,3.3052853018569196e-07,131.0
FELDON PETER FRANK KENNETH,0.0,0.476707992,0.07278481,5,1.0,0.5,726.0,0.0,0.0017112999643585025,0.06060606060606061,0.37096774062018734,0.1083212752976516,69.0,0.0010781969883004823,0.0001167916727947954,93.0,159.0,69.0,70.0,71.0,127.0,92.25,80.0,0.0,0.002686832072086224,0.00010572313905664001,0.01780621,,0.0021563939766009645,0.005149691302785716,77.0,5.552381653340746e-06,89.0
FOSTER SUZANNE MARIE,0.0,26.27722159,0.130801688,6,1.0,1.0,703.0,0.0,0.0955690048183784,0.07575757575757576,0.6666666666666666,0.2094983118106552,24.0,0.0020880784649455622,0.0004374489133342797,44.0,159.0,22.0,19.0,63.0,129.0,65.75,44.0,0.0,0.23752724240571998,0.0025991942198851916,0.027263328000000003,,0.0020880784649455622,0.06684744115640129,28.0,0.0001395827023153972,46.0
GIBB MOIRA MARGARET,91.33333333,2.384470533,0.113924051,18,1.0,1.0,2449.0,0.23945727951965462,0.008651402641950676,0.25757575757575757,0.5806451621123829,0.2715824004624364,14.0,0.007274116871481766,0.0019755221212013263,6.0,4.0,38.0,36.0,10.0,51.0,22.0,14.0,3.904537903190832,0.01835223721676021,0.0009465467498854269,0.41095872,,0.007274116871481766,1.0836988517893693,6.0,0.007882952101406469,3.0
HARDY TERENCE,0.0,2.226393949,0.082278481,13,1.0,0.5,7696.0,0.0,0.008076347990071429,0.18181818181818182,0.419354837887617,0.1523123419239676,62.0,0.01142948212391255,0.0017408511892712435,11.0,159.0,53.0,65.0,35.0,2.0,78.0,67.0,0.0,0.014737608066223654,0.00015445341136864301,0.138599734,,0.0228589642478251,0.03837294886939807,56.0,0.0004385829331445955,20.0
HIRST STUART,0.0,0.042270232,0.015822785,1,1.0,0.5,1400.0,0.0,0.00013089223717735238,0.0,0.08064516211238293,0.02019401358739007,103.0,0.002079167746033988,4.198674171387354e-05,124.0,159.0,129.0,102.0,159.0,83.0,137.25,127.0,0.0,0.000130356999383872,4.452120306589999e-06,0.00024407,,0.004158335492067976,9.47197799226155e-05,130.0,1.9693831132653986e-07,145.0
HODKINSON PETER GORDON,2.0,0.648471311,0.075949367,6,1.0,0.5,4523.0,0.0052435900626655605,0.002336144537247104,0.07575757575757576,0.3870967730426639,0.11760852085003808,67.0,0.006717196939508376,0.0007899995963139829,25.0,29.0,67.0,67.0,63.0,16.0,56.5,40.0,0.023717038,0.00372913802931526,0.000128671594786592,0.027263328000000003,,0.013434393879016753,0.013709543906025464,69.0,9.208970636760996e-05,51.0
HOWE DOMINIC,0.0,0.047867548,0.012658228,2,1.0,1.0,1522.0,0.0,0.00015125428272761646,0.015151515151515152,0.06451612968990635,0.01995472478103728,118.0,0.004520704727805328,9.020941865968936e-05,104.0,159.0,128.0,122.0,127.0,79.0,134.0,122.0,0.0,0.000149109661794756,1.276822800132e-06,0.001293744,,0.004520704727805328,0.00036103262114872204,124.0,1.6321218773189774e-06,113.0
HUGHES DAMIAN,0.0,2.226393949,0.082278481,13,1.0,0.5,15052.0,0.0,0.008076347990071429,0.18181818181818182,0.419354837887617,0.1523123419239676,62.0,0.022354023509502562,0.0034047936721557643,3.0,159.0,53.0,65.0,35.0,1.0,78.0,67.0,0.0,0.014737608066223654,0.00015445341136864301,0.138599734,,0.044708047019005125,0.03837294886939807,56.0,0.0008577898011554642,15.0
HUGHES THOMAS,0.0,2.226393949,0.082278481,13,1.0,0.5,728.0,0.0,0.008076347990071429,0.18181818181818182,0.419354837887617,0.1523123419239676,62.0,0.0010811672279376736,0.00016467511249863113,79.0,159.0,53.0,65.0,35.0,126.0,78.0,67.0,0.0,0.014737608066223654,0.00015445341136864301,0.138599734,,0.002162334455875347,0.03837294886939807,56.0,4.14875747569212e-05,61.0
HUMPHREY MARK ANDREW,0.0,0.032799248,0.012658228,1,1.0,1.0,3419.0,0.0,9.643847262058588e-05,0.0,0.06451612968990635,0.016153142040631733,126.0,0.010155249319557434,0.00016403918471684,81.0,159.0,133.0,122.0,159.0,30.0,143.25,134.0,0.0,9.716380349099201e-05,1.276822800132e-06,0.00024407,,0.010155249319557434,8.5627656572781e-05,134.0,8.69570201146032e-07,120.0
HUMPHREYS MARIA JOSEPHINE,0.0,0.063016676,0.015822785,2,1.0,0.5,0.0,0.0,0.00020636413080172563,0.015151515151515152,0.08064516211238293,0.024000760348674953,100.0,0.0,0.0,159.0,159.0,106.0,102.0,127.0,159.0,123.5,102.0,0.0,0.00024487574506828797,4.452120306589999e-06,0.001293744,,0.0,0.00038576796634371953,106.0,0.0,159.0
IRSHAD MOHAMMED,0.0,0.157618656,0.025316456,4,1.0,1.0,1302.0,0.0,0.000550509400767754,0.045454545454545456,0.1290322593798127,0.04375932855878148,81.0,0.0038672520076232174,0.00016922835122119167,78.0,159.0,82.0,80.0,84.0,102.0,101.25,88.0,0.0,0.000779566741185024,2.2017519251552003e-05,0.009587248,,0.0038672520076232174,0.002597208065109144,88.0,1.0044058104008549e-05,84.0
JAMES BERNARD LEONARD,0.0,0.019544278,0.006329114,1,1.0,0.5,2028.0,0.0,4.821923631029294e-05,0.0,0.03225806484495317,0.008076571020315866,156.0,0.0030118229921120908,2.4325202296413536e-05,139.0,159.0,158.0,156.0,159.0,59.0,158.0,158.0,0.0,4.5033944911878005e-05,1.113924064e-07,0.00024407,,0.0060236459842241815,7.23038343295695e-05,158.0,2.1776635065166093e-07,143.0
JOHNSON ALEX,2.0,0.22643982,0.025316456,5,1.0,1.0,2071.0,0.0052435900626655605,0.0008008686222571595,0.06060606060606061,0.1290322593798127,0.04892069466769901,73.0,0.006151366288623413,0.0003009291119949228,56.0,29.0,76.0,80.0,71.0,57.0,64.0,42.0,0.023717038,0.0011895626467209601,2.2017519251552003e-05,0.01780621,,0.006151366288623413,0.010683707041493127,72.0,6.57193953325694e-05,57.0
JONES HAROLD,0.0,2.226393949,0.082278481,13,1.0,0.5,3318.0,0.0,0.008076347990071429,0.18181818181818182,0.419354837887617,0.1523123419239676,62.0,0.004927627558100551,0.0007505384935033766,28.0,159.0,53.0,65.0,35.0,32.0,78.0,67.0,0.0,0.014737608066223654,0.00015445341136864301,0.138599734,,0.009855255116201103,0.03837294886939807,56.0,0.00018908760033442933,39.0
JONES MATTHEW,0.0,0.019544278,0.006329114,1,1.0,1.0,1343.0,0.0,4.821923631029294e-05,0.0,0.03225806484495317,0.008076571020315866,156.0,0.0039890318327480655,3.2217698899490514e-05,134.0,159.0,158.0,156.0,159.0,93.0,158.0,158.0,0.0,4.5033944911878005e-05,1.113924064e-07,0.00024407,,0.0039890318327480655,7.23038343295695e-05,158.0,2.8842229677039516e-07,136.0
JONES SAMANTHA GERALDINE,0.0,1.708809859,0.088607595,10,1.0,0.5,519.0,0.0,0.006193468621339704,0.13636363636363635,0.4516129027325702,0.14854250192938656,65.0,0.0007707771858511712,0.00011449317161642474,95.0,159.0,65.0,51.0,47.0,139.0,80.5,72.0,0.0,0.010026308560513498,0.00034107641796514497,0.07397413,,0.0015415543717023424,0.02108537874461966,64.0,1.6252128891384043e-05,77.0
JONES WILLIAM ANTHONY,0.0,19.56168359,0.121308017,8,1.0,0.5,6203.0,0.0,0.07113906542411709,0.10606060606060606,0.6182795693992369,0.19886981022099,27.0,0.009212198234749162,0.0018320281146627052,9.0,159.0,26.0,29.0,52.0,8.0,66.5,45.0,0.0,0.16985603521864542,0.0014432811776161692,0.05081928,,0.018424396469498325,0.055529649099065395,29.0,0.0005115501354066507,18.0
KEANE JASON JONATHAN,0.124938606,32.79093972,0.124472574,5,1.0,1.0,1674.0,0.0003275634164324439,0.11926475922363992,0.06060606060606061,0.6344086018217134,0.2036517462669616,25.0,0.004972181152658422,0.0010125933744945617,20.0,49.0,21.0,22.0,71.0,70.0,40.75,26.0,0.0005311280072298719,0.299400593507095,0.00212065417994688,0.01780621,,0.004972181152658422,0.07996464642356794,27.0,0.00039759870782625923,21.0
KELLY ANDREW JOHN,0.0,0.306342712,0.018987342,6,1.0,1.0,182.0,0.0,0.001091541210065643,0.07575757575757576,0.09677419453485951,0.04340582787562523,82.0,0.0005405836139688368,2.3464479300314767e-05,140.0,159.0,73.0,95.0,63.0,153.0,97.5,83.0,0.0,0.001658580186348696,7.650398825982e-06,0.027263328000000003,,0.0005405836139688368,0.00723238964629367,74.0,3.9097113326242294e-06,94.0
KELTJENS JOHANNES,0.0,0.063016676,0.015822785,2,1.0,0.5,187.0,0.0,0.00020636413080172563,0.015151515151515152,0.08064516211238293,0.024000760348674953,100.0,0.00027771740607739694,6.665428907919249e-06,149.0,159.0,106.0,102.0,127.0,152.0,123.5,102.0,0.0,0.00024487574506828797,4.452120306589999e-06,0.001293744,,0.0005554348121547939,0.00038576796634371953,106.0,1.0713447896073035e-07,150.0
KINGSTON PAUL ANTHONY,0.0,1.708809859,0.088607595,10,1.0,0.5,519.0,0.0,0.006193468621339704,0.13636363636363635,0.4516129027325702,0.14854250192938656,65.0,0.0007707771858511712,0.00011449317161642474,95.0,159.0,65.0,51.0,47.0,139.0,80.5,72.0,0.0,0.010026308560513498,0.00034107641796514497,0.07397413,,0.0015415543717023424,0.02108537874461966,64.0,1.6252128891384043e-05,77.0
LAWRENCE DUANE STEPHEN,0.256898097,34.93983663,0.136075949,7,1.0,0.5,119.0,0.0006735341542734466,0.12708206608361386,0.09090909090909091,0.6935483839729448,0.22805326877998078,22.0,0.00017672925841288897,4.030368507012125e-05,127.0,46.0,20.0,17.0,54.0,155.0,34.25,24.0,0.001273774751577936,0.3222437192483867,0.002996122286221235,0.041838881,,0.00035345851682577794,0.09208812432154646,24.0,1.627466591998083e-05,75.0
LAYCOCK NEIL KEITH JOSEPH,3.177811798,62.68623457,0.139240506,12,1.0,0.5,675.0,0.008331571182507089,0.22801855398424925,0.16666666666666666,0.7096774163954215,0.2781735520572111,12.0,0.0010024558775521013,0.0002788567122392967,59.0,22.0,13.0,14.0,37.0,130.0,21.5,13.0,0.05396266683334645,0.6202822970296563,0.0035757977004088745,0.120377064,,0.0020049117551042025,0.19954945639085292,17.0,0.00020003952542133722,36.0
LEAK LESLIE,0.0,2.226393949,0.082278481,13,1.0,0.5,1820.0,0.0,0.008076347990071429,0.18181818181818182,0.419354837887617,0.1523123419239676,62.0,0.002702918069844184,0.0004116877812465779,47.0,159.0,53.0,65.0,35.0,66.0,78.0,67.0,0.0,0.014737608066223654,0.00015445341136864301,0.138599734,,0.005405836139688368,0.03837294886939807,56.0,0.00010371893689230301,50.0
LEWIS ADAM,0.0,0.100756163,0.022151899,3,1.0,1.0,609.0,0.0,0.00034365370911704647,0.030303030303030304,0.1129032269573361,0.03588747774237086,88.0,0.0018088759390495694,6.491599500135161e-05,116.0,159.0,92.0,87.0,98.0,134.0,109.0,94.0,0.0,0.000450681007268881,1.3453690034862e-05,0.004694178,,0.0018088759390495694,0.0012895781743259358,98.0,2.3326869310616566e-06,107.0
LORD JOHN MICHAEL,0.0,0.047867548,0.012658228,2,1.0,1.0,1869.0,0.0,0.00015125428272761646,0.015151515151515152,0.06451612968990635,0.01995472478103728,118.0,0.005551377881910747,0.00011077621778906663,97.0,159.0,128.0,122.0,127.0,62.0,134.0,122.0,0.0,0.000149109661794756,1.276822800132e-06,0.001293744,,0.005551377881910747,0.00036103262114872204,124.0,2.004228507693278e-06,109.0
LYON STEPHEN JOHN,0.666666667,0.236394755,0.025316456,4,1.0,0.5,1283.0,0.0017478633550957851,0.0008370829149502856,0.045454545454545456,0.1290322593798127,0.04426793777610105,76.0,0.0019054087272582902,8.434851497630989e-05,107.0,44.0,74.0,80.0,84.0,104.0,70.5,50.0,0.003662632001831316,0.0012670737592472049,2.2017519251552003e-05,0.009587248,,0.0038108174545165804,0.0036347428200825182,79.0,6.92567069072464e-06,88.0
MALCOLM PETER BRYAN,0.25,19.09114225,0.122362869,6,1.0,0.5,303.0,0.0006554487578331951,0.06942731925892608,0.07575757575757576,0.6236559118411377,0.1923740639038682,30.0,0.0004499913050344988,8.656665607089172e-05,105.0,48.0,29.0,26.0,63.0,150.0,41.5,28.0,0.00111871375,0.1608467298669845,0.0016980100774168288,0.027263328000000003,,0.0008999826100689976,0.04773169542360033,33.0,2.147884791517513e-05,69.0
MARUTHAPPU MAHIBEN,1.333333333,2.109744309,0.098101266,13,1.0,1.0,1229.0,0.003495726707569775,0.007651997232833153,0.18181818181818182,0.5,0.1732414764396462,39.0,0.0036504245141082445,0.0006324049324555904,34.0,36.0,58.0,46.0,35.0,110.0,43.75,32.0,0.011041661330572917,0.013281000765722483,0.0004880196591094321,0.138599734,,0.0036504245141082445,0.040852603938851206,40.0,0.00014912934688353748,44.0
MAY RICHARD JOHN,0.0,0.047867548,0.012658228,2,1.0,1.0,3192.0,0.0,0.00015125428272761646,0.015151515151515152,0.06451612968990635,0.01995472478103728,118.0,0.009481004921914985,0.00018919084386447336,69.0,159.0,128.0,122.0,127.0,37.0,134.0,122.0,0.0,0.000149109661794756,1.276822800132e-06,0.001293744,,0.009481004921914985,0.00036103262114872204,124.0,3.4229520580829017e-06,99.0
MAYERS JONATHAN NIGEL DAVID,0.0,0.047867548,0.012658228,2,1.0,0.5,6044.0,0.0,0.00015125428272761646,0.015151515151515152,0.06451612968990635,0.01995472478103728,118.0,0.008976064183592444,0.0001791148904005133,73.0,159.0,128.0,122.0,127.0,9.0,134.0,122.0,0.0,0.000149109661794756,1.276822800132e-06,0.001293744,,0.017952128367184888,0.00036103262114872204,124.0,3.2406519798015436e-06,102.0
MCARTHUR JOHN CAMERON,0.0,0.130336062,0.022151899,3,1.0,0.5,1247.0,0.0,0.0004512601495628263,0.030303030303030304,0.1129032269573361,0.035914379352482304,84.0,0.0018519444137888449,6.651143421652304e-05,111.0,159.0,83.0,87.0,98.0,107.0,106.75,90.0,0.0,0.0006381833590995901,1.3453690034862e-05,0.004694178,,0.0037038888275776898,0.001336453762283613,94.0,2.475038079348222e-06,103.0
MCKENNA DAMIEN JAMES,0.0,0.032799248,0.012658228,1,1.0,1.0,3419.0,0.0,9.643847262058588e-05,0.0,0.06451612968990635,0.016153142040631733,126.0,0.010155249319557434,0.00016403918471684,81.0,159.0,133.0,122.0,159.0,30.0,143.25,134.0,0.0,9.716380349099201e-05,1.276822800132e-06,0.00024407,,0.010155249319557434,8.5627656572781e-05,134.0,8.69570201146032e-07,120.0
MCMILLAN SUSAN MARY,1.333333333,2.109744309,0.098101266,13,1.0,1.0,1748.0,0.003495726707569775,0.007651997232833153,0.18181818181818182,0.5,0.1732414764396462,39.0,0.005191978885810587,0.0008994660878212954,21.0,36.0,58.0,46.0,35.0,67.0,43.75,32.0,0.011041661330572917,0.013281000765722483,0.0004880196591094321,0.138599734,,0.005191978885810587,0.040852603938851206,40.0,0.00021210585708089787,33.0
MIDDLEBROOK PHILIP,0.0,2.226393949,0.082278481,13,1.0,0.5,1820.0,0.0,0.008076347990071429,0.18181818181818182,0.419354837887617,0.1523123419239676,62.0,0.002702918069844184,0.0004116877812465779,47.0,159.0,53.0,65.0,35.0,66.0,78.0,67.0,0.0,0.014737608066223654,0.00015445341136864301,0.138599734,,0.005405836139688368,0.03837294886939807,56.0,0.00010371893689230301,50.0
MISTRY SHIV,0.0,0.157618656,0.025316456,4,1.0,1.0,1302.0,0.0,0.000550509400767754,0.045454545454545456,0.1290322593798127,0.04375932855878148,81.0,0.0038672520076232174,0.00016922835122119167,78.0,159.0,82.0,80.0,84.0,102.0,101.25,88.0,0.0,0.000779566741185024,2.2017519251552003e-05,0.009587248,,0.0038672520076232174,0.002597208065109144,88.0,1.0044058104008549e-05,84.0
MOORE ANDREW,0.0,0.019544278,0.006329114,1,1.0,1.0,2919.0,0.0,4.821923631029294e-05,0.0,0.03225806484495317,0.008076571020315866,156.0,0.008670129500961729,7.002491666985316e-05,110.0,159.0,158.0,156.0,159.0,41.0,158.0,158.0,0.0,4.5033944911878005e-05,1.113924064e-07,0.00024407,,0.008670129500961729,7.23038343295695e-05,158.0,6.2688360705345e-07,124.0
MOORE EMMA,0.0,0.019544278,0.006329114,1,1.0,1.0,2919.0,0.0,4.821923631029294e-05,0.0,0.03225806484495317,0.008076571020315866,156.0,0.008670129500961729,7.002491666985316e-05,110.0,159.0,158.0,156.0,159.0,41.0,158.0,158.0,0.0,4.5033944911878005e-05,1.113924064e-07,0.00024407,,0.008670129500961729,7.23038343295695e-05,158.0,6.2688360705345e-07,124.0
MUNEER KHALID,0.0,0.019544278,0.006329114,1,1.0,1.0,4955.0,0.0,4.821923631029294e-05,0.0,0.03225806484495317,0.008076571020315866,156.0,0.014717537402283442,0.0001188672360736973,92.0,159.0,158.0,156.0,159.0,14.0,158.0,158.0,0.0,4.5033944911878005e-05,1.113924064e-07,0.00024407,,0.014717537402283442,7.23038343295695e-05,158.0,1.0641343860739448e-06,117.0
MURPHY MATTHEW,7.531620485,41.97866804,0.139240506,11,1.0,0.5,783.2727273,0.019746365165457185,0.15268808971905795,0.15151515151515152,0.7096774163954215,0.25840675569877203,17.0,0.0011632538506787396,0.0003005926536079969,57.0,15.0,18.0,14.0,42.0,123.0,22.25,15.0,0.18314219762627343,0.3950224986138391,0.0035757977004088745,0.09475756399999999,,0.0023265077013574793,0.16912451448513036,19.0,0.00019673474271900016,37.0
MURPHY NEIL BARRY,6.0,0.108130056,0.025316456,4,1.0,1.0,2651.0,0.015730770187996682,0.0003704786275509483,0.045454545454545456,0.1290322593798127,0.047647013412476444,74.0,0.00787410527819443,0.0003751775998013816,49.0,17.0,89.0,80.0,84.0,46.0,67.5,47.0,0.131673522,0.00049846928580468,2.2017519251552003e-05,0.009587248,,0.00787410527819443,0.03544531420126405,57.0,0.0002791001356394333,28.0
MURPHY SIMON NEIL,0.0,0.123345213,0.006329114,4,1.0,1.0,1868.0,0.0,0.000425828677447795,0.045454545454545456,0.03225806484495317,0.019534609744236604,123.0,0.005548407642273556,0.00010838597799375385,98.0,159.0,88.0,156.0,84.0,63.0,121.75,98.0,0.0,0.00057435328397811,1.113924064e-07,0.009587248,,0.005548407642273556,0.0025404281690961272,92.0,1.4095331068059972e-05,79.0
MURRAY JOHN,0.0,0.047867548,0.012658228,2,1.0,1.0,3192.0,0.0,0.00015125428272761646,0.015151515151515152,0.06451612968990635,0.01995472478103728,118.0,0.009481004921914985,0.00018919084386447336,69.0,159.0,128.0,122.0,127.0,37.0,134.0,122.0,0.0,0.000149109661794756,1.276822800132e-06,0.001293744,,0.009481004921914985,0.00036103262114872204,124.0,3.4229520580829017e-06,99.0
NORTH CELINE,0.0,2.226393949,0.082278481,13,1.0,0.5,3961.0,0.0,0.008076347990071429,0.18181818181818182,0.419354837887617,0.1523123419239676,62.0,0.00588255960145759,0.0008959864294053269,23.0,159.0,53.0,65.0,35.0,19.0,78.0,67.0,0.0,0.014737608066223654,0.00015445341136864301,0.138599734,,0.01176511920291518,0.03837294886939807,56.0,0.0002257311588079188,32.0
O'HANLON SHAUN,308.5970521,128.8480141,0.186708861,34,1.0,1.0,2896.382353,0.809078217879723,0.4687034051658492,0.5,0.9516129027325702,0.6823486314445355,3.0,0.008602949669342325,0.0058702109332619545,2.0,2.0,6.0,2.0,5.0,42.0,3.75,3.0,14.617896729278648,1.3678818277530262,0.008873378761430116,0.903953172,,0.008602949669342325,4.2246512769482765,2.0,0.036344462306108806,2.0
OLIVER STUART DEAN,0.0,0.206991094,0.022151899,3,1.0,0.5,531.0,0.0,0.0007301175971753872,0.030303030303030304,0.1129032269573361,0.03598409371438545,83.0,0.0007885986236743197,2.8377006777332103e-05,137.0,159.0,77.0,87.0,98.0,137.0,105.25,89.0,0.0,0.001076518039728636,1.3453690034862e-05,0.004694178,,0.0015771972473486394,0.0014460374324408746,93.0,1.1403431290044209e-06,116.0
PEARCE DAVID ADAM SCHOFIELD,0.0,0.019544278,0.006329114,1,1.0,1.0,1257.0,0.0,4.821923631029294e-05,0.0,0.03225806484495317,0.008076571020315866,156.0,0.0037335912239496037,3.0154614681057017e-05,136.0,159.0,158.0,156.0,159.0,106.0,158.0,158.0,0.0,4.5033944911878005e-05,1.113924064e-07,0.00024407,,0.0037335912239496037,7.23038343295695e-05,158.0,2.6995296131078676e-07,138.0
PEARSON ANDREW JOHN,0.0,0.123345213,0.006329114,4,1.0,1.0,3798.0,0.0,0.000425828677447795,0.045454545454545456,0.03225806484495317,0.019534609744236604,123.0,0.01128097014205298,0.00022036934926139033,64.0,159.0,88.0,156.0,84.0,23.0,121.75,98.0,0.0,0.00057435328397811,1.113924064e-07,0.009587248,,0.01128097014205298,0.0025404281690961272,92.0,2.865849432360373e-05,65.0
PEREZ CHAMORRO IVAN,0.0,0.019544278,0.006329114,1,1.0,1.0,1399.0,0.0,4.821923631029294e-05,0.0,0.03225806484495317,0.008076571020315866,156.0,0.004155365252430784,3.356110257660999e-05,132.0,159.0,158.0,156.0,159.0,86.0,158.0,158.0,0.0,4.5033944911878005e-05,1.113924064e-07,0.00024407,,0.004155365252430784,7.23038343295695e-05,158.0,3.004488407906052e-07,134.0
RIDDELL SEAN DOUGLAS,28.1510394,102.2821993,0.155063291,24,1.0,0.5,3210.333333,0.07380625522577332,0.37206166990604267,0.3484848484848485,0.7903225785078043,0.39616883803111724,7.0,0.004767729657136707,0.0018888259183143462,7.0,10.0,7.0,9.0,7.0,34.0,8.25,8.0,0.8846600100970301,1.0749941995011432,0.005146338191581329,0.6003738000000001,,0.009535459314273414,0.6412935869474387,9.0,0.0030575144534208806,5.0
ROUND JONATHON CHARLES,0.0,0.006289308,0.012658228,2,1.0,0.5,0.0,0.0,0.0,0.015151515151515152,0.06451612968990635,0.019916911210355374,119.0,0.0,0.0,159.0,159.0,159.0,122.0,127.0,159.0,141.75,128.0,0.0,1.4346911547972002e-05,1.276822800132e-06,0.001293744,,0.0,0.00032734193358702603,127.0,0.0,159.0
SARVAIYA DHAVAL,0.0,0.055146383,0.015822785,2,1.0,0.5,70.0,0.0,0.00017773339697145336,0.015151515151515152,0.08064516211238293,0.023993602665217384,102.0,0.00010395838730169939,2.4943362386337555e-06,156.0,159.0,111.0,102.0,127.0,157.0,124.75,104.0,0.0,0.00020379020473990298,4.452120306589999e-06,0.001293744,,0.00020791677460339878,0.00037549658126162326,109.0,3.903601902525987e-08,156.0
SCOWN STEPHEN WAYNE,0.0,1.865924805,0.091772152,11,1.0,1.0,1013.0,0.0,0.006765025004270251,0.15151515151515152,0.46774193515504675,0.15650552791861713,46.0,0.0030088527524748995,0.00047090208845546836,41.0,159.0,61.0,49.0,42.0,115.0,77.75,52.0,0.0,0.01139726649696933,0.000391421259925584,0.09475756399999999,,0.0030088527524748995,0.026636562939223726,59.0,8.01454957161542e-05,53.0
SHAFIQ SAHIKA,0.0,0.019544278,0.006329114,1,1.0,1.0,2315.0,0.0,4.821923631029294e-05,0.0,0.03225806484495317,0.008076571020315866,156.0,0.006876104760098117,5.5535348438064435e-05,119.0,159.0,158.0,156.0,159.0,52.0,158.0,158.0,0.0,4.5033944911878005e-05,1.113924064e-07,0.00024407,,0.006876104760098117,7.23038343295695e-05,158.0,4.971687394068985e-07,128.0
SHAW NEIL HOWARD,0.0,0.047867548,0.012658228,2,1.0,0.5,6435.0,0.0,0.00015125428272761646,0.015151515151515152,0.06451612968990635,0.01995472478103728,118.0,0.009556746032663365,0.00019070223688406735,67.0,159.0,128.0,122.0,127.0,6.0,134.0,122.0,0.0,0.000149109661794756,1.276822800132e-06,0.001293744,,0.01911349206532673,0.00036103262114872204,124.0,3.450297069825105e-06,97.0
SHAW PHILIP RODNEY,0.0,0.019544278,0.006329114,1,1.0,0.5,1659.0,0.0,4.821923631029294e-05,0.0,0.03225806484495317,0.008076571020315866,156.0,0.0024638137790502757,1.9899166967332376e-05,142.0,159.0,158.0,156.0,159.0,71.0,158.0,158.0,0.0,4.5033944911878005e-05,1.113924064e-07,0.00024407,,0.004927627558100551,7.23038343295695e-05,158.0,1.781431832993617e-07,147.0
SHUCKFORD GARY,2.764011721,25.81410209,0.136075949,10,1.0,0.5,1551.0,0.007246672196663367,0.0938842579943264,0.13636363636363635,0.6935483839729448,0.23276073763189273,19.0,0.0023034208386419393,0.0005361459334789708,38.0,25.0,23.0,17.0,47.0,78.0,28.0,19.0,0.04024166401180887,0.23100756005218007,0.002996122286221235,0.07397413,,0.004606841677283879,0.08705486908755256,25.0,0.00020052399956151454,35.0
SMITH LAWRENCE CARLETON,0.0,0.047867548,0.012658228,2,1.0,1.0,1869.0,0.0,0.00015125428272761646,0.015151515151515152,0.06451612968990635,0.01995472478103728,118.0,0.005551377881910747,0.00011077621778906663,97.0,159.0,128.0,122.0,127.0,62.0,134.0,122.0,0.0,0.000149109661794756,1.276822800132e-06,0.001293744,,0.005551377881910747,0.00036103262114872204,124.0,2.004228507693278e-06,109.0
SMITH PAUL JONATHAN,1.442848852,59.19960452,0.14556962,11,1.0,0.5,5357.0,0.0037828539511378058,0.2153348105802643,0.15151515151515152,0.7419354812403747,0.2781420743217321,13.0,0.007955786868217195,0.0022128390623875273,5.0,30.0,14.0,11.0,42.0,10.0,24.25,16.0,0.016254547927149237,0.5799241802454906,0.00436020883418918,0.09475756399999999,,0.01591157373643439,0.17382412525170726,18.0,0.0013829076930568737,12.0
SORLEY DAVID JAMES MCCULLOCH,0.0,0.019544278,0.006329114,1,1.0,1.0,1343.0,0.0,4.821923631029294e-05,0.0,0.03225806484495317,0.008076571020315866,156.0,0.0039890318327480655,3.2217698899490514e-05,134.0,159.0,158.0,156.0,159.0,93.0,158.0,158.0,0.0,4.5033944911878005e-05,1.113924064e-07,0.00024407,,0.0039890318327480655,7.23038343295695e-05,158.0,2.8842229677039516e-07,136.0
SOUTHBY PETER JOHN,381.4180697,274.8959602,0.196202532,67,1.0,1.0,2528.328358,1.0,1.0,1.0,1.0,1.0,1.0,0.0075097411047666774,0.0075097411047666774,1.0,1.0,1.0,1.0,1.0,47.0,1.0,1.0,20.0748297906586,3.0687622913623116,0.009713091106153825,2.012144,,0.0075097411047666774,6.291362293281766,1.0,0.047246502018837226,1.0
SOWERBY PETER REDMORE,0.0,19.56168353,0.121308017,8,1.0,0.5,6254.0,0.0,0.0711390652058477,0.10606060606060606,0.6182795693992369,0.19886981016642266,28.0,0.009287939345497542,0.0018470907344763441,8.0,159.0,27.0,29.0,52.0,7.0,66.75,46.0,0.0,0.16815747415506604,0.0014432811776161692,0.05081928,,0.018575878690995085,0.05510500883317055,31.0,0.0005118119796755944,17.0
SPENCER CHRISTOPHER MICHAEL KENNEDY,208.222072,243.8001829,0.183544304,51,1.0,0.5,1351.156863,0.5459155937834164,0.8868790624285878,0.7575757575757576,0.9354838703100935,0.7814635710244637,2.0,0.0020066298352729027,0.001568108116796594,12.0,3.0,2.0,3.0,2.0,89.0,2.5,2.0,9.370084024823392,2.6944125763605027,0.008286833338258016,1.48566876,,0.0040132596705458054,3.389613048630538,3.0,0.006801698673412378,4.0
SPITZENBERGER KAIS SANJA,0.0,0.019544278,0.006329114,1,1.0,0.5,363.0,0.0,4.821923631029294e-05,0.0,0.03225806484495317,0.008076571020315866,156.0,0.0005390984941502411,4.35406727494976e-06,152.0,159.0,158.0,156.0,159.0,148.0,158.0,158.0,0.0,4.5033944911878005e-05,1.113924064e-07,0.00024407,,0.0010781969883004823,7.23038343295695e-05,158.0,3.897888820835943e-08,157.0
STABLES DAVID LINDSAY,3.984372649,41.9350062,0.132911392,17,1.0,0.5,6875.470588,0.010446208414126428,0.15252925566807915,0.24242424242424243,0.6774193515504682,0.27070476451422903,15.0,0.010210897632410669,0.002764138639060629,4.0,21.0,19.0,18.0,12.0,5.0,17.5,12.0,0.07121993594505288,0.39066555325405733,0.0027801227383626877,0.365189342,,0.020421795264821338,0.20746373848436822,16.0,0.0021183909961011017,8.0
STANLEY DAVID,0.0,0.476707971,0.07278481,5,1.0,0.5,3570.0,0.0,0.001711299887964217,0.06060606060606061,0.37096774062018734,0.10832127527855304,70.0,0.005301877752386669,0.0005743061595095124,37.0,159.0,70.0,70.0,71.0,25.0,92.5,81.0,0.0,0.00265996373906406,0.00010572313905664001,0.01780621,,0.010603755504773337,0.005142974219530175,78.0,2.7267420595625224e-05,66.0
STANLEY JONATHAN MARK,0.0,0.079398006,0.006329114,2,1.0,1.0,7115.0,0.0,0.0002659565117989585,0.015151515151515152,0.03225806484495317,0.01191888412706682,132.0,0.02113325501861689,0.00025188481779464804,61.0,159.0,98.0,156.0,127.0,4.0,135.0,126.0,0.0,0.000334363106011368,1.113924064e-07,0.001293744,,0.02113325501861689,0.000407054624604442,102.0,8.602389188273038e-06,85.0
STANLEY PHILIPPA SUZANNE,0.0,0.123345213,0.006329114,4,1.0,1.0,7115.0,0.0,0.000425828677447795,0.045454545454545456,0.03225806484495317,0.019534609744236604,123.0,0.02113325501861689,0.0004128298894141106,45.0,159.0,88.0,156.0,84.0,4.0,121.75,98.0,0.0,0.00057435328397811,1.113924064e-07,0.009587248,,0.02113325501861689,0.0025404281690961272,92.0,5.368751635398645e-05,59.0
STEWART PAUL,0.0,51.28753903,0.112869198,9,1.0,1.0,703.0,0.0,0.18655211582012346,0.12121212121212122,0.5752688145737079,0.22075826290148814,23.0,0.0020880784649455622,0.00046096057472338824,43.0,159.0,16.0,37.0,50.0,129.0,65.5,43.0,0.0,0.4924188424824941,0.0008908933973245021,0.060762771,,0.0020880784649455622,0.13851812671995467,21.0,0.0002892367174085378,27.0
STRUDWICK RICHARD THOMAS,0.0,2.226393949,0.082278481,13,1.0,0.5,5168.0,0.0,0.008076347990071429,0.18181818181818182,0.419354837887617,0.1523123419239676,62.0,0.007675099222502607,0.0011690123370781949,18.0,159.0,53.0,65.0,35.0,13.0,78.0,67.0,0.0,0.014737608066223654,0.00015445341136864301,0.138599734,,0.015350198445005214,0.03837294886939807,56.0,0.00029451619003264943,26.0
SUTTON ANNA,0.0,0.034099443,0.009493671,1,1.0,1.0,3416.0,0.0,0.00010116835205105318,0.0,0.048387097267429756,0.012122066404870202,128.0,0.01014633860064586,0.00012299459028332693,88.0,159.0,130.0,124.0,159.0,31.0,143.0,130.0,0.0,0.000104107577246694,8.63924061e-07,0.00024407,,0.01014633860064586,8.72603753269235e-05,131.0,8.853733144864096e-07,118.0
SUTTON ANNA ELIZABETH,0.0,0.061909577,0.009493671,2,1.0,1.0,1343.0,0.0,0.00020233670046428324,0.015151515151515152,0.048387097267429756,0.0159352372798523,127.0,0.0039890318327480655,6.356616877172451e-05,117.0,159.0,109.0,124.0,127.0,93.0,129.75,107.0,0.0,0.000233428450429498,8.63924061e-07,0.001293744,,0.0039890318327480655,0.0003820090936226245,107.0,1.5238464348598852e-06,114.0
SYMONDS CHRISTIAN DEAN WILLIAM,0.0,0.047867548,0.012658228,2,1.0,1.0,3106.0,0.0,0.00015125428272761646,0.015151515151515152,0.06451612968990635,0.01995472478103728,118.0,0.009225564313116523,0.00018409359681799945,71.0,159.0,128.0,122.0,127.0,39.0,134.0,122.0,0.0,0.000149109661794756,1.276822800132e-06,0.001293744,,0.009225564313116523,0.00036103262114872204,124.0,3.3307296655405676e-06,101.0
SYMONDS CONOR ROBERT WILLIAM,0.0,0.047867548,0.012658228,2,1.0,1.0,1413.0,0.0,0.00015125428272761646,0.015151515151515152,0.06451612968990635,0.01995472478103728,118.0,0.004196948607351464,8.374895437985616e-05,108.0,159.0,128.0,122.0,127.0,82.0,134.0,122.0,0.0,0.000149109661794756,1.276822800132e-06,0.001293744,,0.004196948607351464,0.00036103262114872204,124.0,1.5152353565385777e-06,115.0
SYMONDS KAREN PATRICIA,0.0,0.047867548,0.012658228,2,1.0,1.0,3106.0,0.0,0.00015125428272761646,0.015151515151515152,0.06451612968990635,0.01995472478103728,118.0,0.009225564313116523,0.00018409359681799945,71.0,159.0,128.0,122.0,127.0,39.0,134.0,122.0,0.0,0.000149109661794756,1.276822800132e-06,0.001293744,,0.009225564313116523,0.00036103262114872204,124.0,3.3307296655405676e-06,101.0
TAMBLYN CHRISTINA,0.088235294,81.51656001,0.124472574,10,1.0,0.5,814.7,0.0002313348553973871,0.29651994721192765,0.13636363636363635,0.6344086018217134,0.2668808800631687,16.0,0.0012099271162099214,0.0003229064135863956,54.0,50.0,9.0,22.0,47.0,121.0,32.0,22.0,0.000356343264230758,0.8396963785038094,0.00212065417994688,0.07397413,,0.002419854232419843,0.22903687648699675,13.0,0.00027711792747363995,29.0
TAYLOR IAN,30.57850582,75.55570726,0.164556962,22,1.0,0.5,3196.727273,0.0801705746244565,0.27483541926783506,0.3181818181818182,0.838709675775234,0.3779743719623359,8.0,0.004747523027777705,0.0017944420348010052,10.0,9.0,11.0,4.0,8.0,35.0,8.0,7.0,1.0115203378184339,0.762806038265939,0.007058095922964773,0.533832376,,0.00949504605555541,0.5788042120018344,10.0,0.0027478863250534375,6.0
TAYLOR NEIL BARRY,20.33333333,2.241540946,0.10443038,15,1.0,1.0,2125.0,0.05330983229502721,0.00813145008594447,0.21212121212121213,0.5322580648449532,0.20145513983678426,26.0,0.0063117592290317485,0.0012715363381007045,15.0,12.0,39.0,39.0,14.0,55.0,26.0,17.0,0.5766837925721283,0.017079649875223493,0.00074391680876546,0.30318234,,0.0063117592290317485,0.22442242481402933,14.0,0.0014165003110216334,11.0
TAYLOR-WHILDE ELAINE MARY,1.0,0.077373644,0.018987342,3,1.0,1.0,2449.0,0.0026217950313327802,0.00025859224091372997,0.030303030303030304,0.09677419453485951,0.032489403027534086,93.0,0.007274116871481766,0.00023633171470695646,63.0,40.0,102.0,95.0,98.0,51.0,83.75,77.0,0.006745127,0.000312998750963116,7.650398825982e-06,0.004694178,,0.007274116871481766,0.0029399885374472748,83.0,2.1385820222208224e-05,71.0
THEWLIS EDWARD,2.0,0.062740114,0.012658228,3,1.0,1.0,2034.0,0.0052435900626655605,0.00020535804716423367,0.030303030303030304,0.06451612968990635,0.02506702702569161,94.0,0.00604146742204733,0.00015144162714329586,82.0,29.0,107.0,122.0,98.0,58.0,89.0,78.0,0.023717038,0.000241363038021306,1.276822800132e-06,0.004694178,,0.00604146742204733,0.007163463965205359,75.0,4.327783417479817e-05,60.0
THIRKILL JAMES,0.0,0.079398006,0.006329114,2,1.0,1.0,488.0,0.0,0.0002659565117989585,0.015151515151515152,0.03225806484495317,0.01191888412706682,132.0,0.0014494769429494088,1.7276147727869046e-05,144.0,159.0,98.0,156.0,127.0,140.0,135.0,126.0,0.0,0.000334363106011368,1.113924064e-07,0.001293744,,0.0014494769429494088,0.000407054624604442,102.0,5.900162928850658e-07,127.0
THOBANI MUNIRA,1.333333333,2.109744339,0.098101266,13,1.0,1.0,1692.0,0.003495726707569775,0.007651997341967848,0.18181818181818182,0.5,0.1732414764669299,37.0,0.005025645466127868,0.0008706502407513239,24.0,36.0,56.0,46.0,35.0,69.0,43.25,30.0,0.011041661330572917,0.01355065792726405,0.0004880196591094321,0.138599734,,0.005025645466127868,0.040920018229236604,38.0,0.00020564950408763263,34.0
THORBURN ANDREW JOHN,6.05764411,82.08963641,0.143459916,17,1.0,1.0,1554.0,0.015881901229180283,0.29860469778891513,0.24242424242424243,0.7311827963565729,0.3220234094497277,11.0,0.004615752396195453,0.0014863803237986101,13.0,16.0,8.0,12.0,12.0,77.0,12.0,11.0,0.13993532256505997,0.8541410250533217,0.004082166542691432,0.365189342,,0.004615752396195453,0.34083696404026825,12.0,0.0015732190334808516,9.0
THORN AMANDA JILLIAN,1.333333333,2.109744339,0.098101266,13,1.0,1.0,1229.0,0.003495726707569775,0.007651997341967848,0.18181818181818182,0.5,0.1732414764669299,37.0,0.0036504245141082445,0.0006324049325551874,33.0,36.0,56.0,46.0,35.0,110.0,43.25,30.0,0.011041661330572917,0.01355065792726405,0.0004880196591094321,0.138599734,,0.0036504245141082445,0.040920018229236604,38.0,0.00014937543766176153,43.0
TOWNEND NICHOLAS ADAM,4.534493607,43.08642754,0.124472574,9,1.0,0.5,363.6666667,0.011888512808442856,0.1567179228386706,0.12121212121212122,0.6344086018217134,0.23105678967023702,21.0,0.000540088574078809,0.0001247911320642256,87.0,19.0,17.0,22.0,50.0,147.0,27.0,18.0,0.08980969065493244,0.40954205191685267,0.00212065417994688,0.060762771,,0.001080177148157618,0.140558791937933,20.0,7.591419751199823e-05,56.0
VEITCH NIDIA PATRICIA,0.0,0.019544278,0.006329114,1,1.0,1.0,2757.0,0.0,4.821923631029294e-05,0.0,0.03225806484495317,0.008076571020315866,156.0,0.00818895067973672,6.613864174675751e-05,113.0,159.0,158.0,156.0,159.0,44.0,158.0,158.0,0.0,4.5033944911878005e-05,1.113924064e-07,0.00024407,,0.00818895067973672,7.23038343295695e-05,158.0,5.920925332806994e-07,126.0
VEITCH TOM,0.0,0.019544278,0.006329114,1,1.0,1.0,2757.0,0.0,4.821923631029294e-05,0.0,0.03225806484495317,0.008076571020315866,156.0,0.00818895067973672,6.613864174675751e-05,113.0,159.0,158.0,156.0,159.0,44.0,158.0,158.0,0.0,4.5033944911878005e-05,1.113924064e-07,0.00024407,,0.00818895067973672,7.23038343295695e-05,158.0,5.920925332806994e-07,126.0
WALLIS MATTHEW JAMES,0.0,0.063016676,0.015822785,2,1.0,0.5,405.0,0.0,0.00020636413080172563,0.015151515151515152,0.08064516211238293,0.024000760348674953,100.0,0.0006014735265312608,1.4435821966349177e-05,146.0,159.0,106.0,102.0,127.0,146.0,123.5,102.0,0.0,0.00024487574506828797,4.452120306589999e-06,0.001293744,,0.0012029470530625216,0.00038576796634371953,106.0,2.320292191395497e-07,142.0
WARD MARK LAWRENCE,0.0,1.86592479,0.091772152,11,1.0,1.0,761.0,0.0,0.0067650249497029045,0.15151515151515152,0.46774193515504675,0.1565055279049753,47.0,0.002260352363902664,0.0003537576399638452,51.0,159.0,62.0,49.0,42.0,125.0,78.0,67.0,0.0,0.01128329385324975,0.000391421259925584,0.09475756399999999,,0.002260352363902664,0.02660806977829383,60.0,6.014361342225349e-05,58.0
WARDELL RACHAEL,1.333333333,2.109744264,0.098101266,13,1.0,1.0,1496.0,0.003495726707569775,0.007651997069131114,0.18181818181818182,0.5,0.17324147639872067,40.0,0.004443478497238351,0.0007697947752075406,26.0,36.0,59.0,46.0,35.0,80.0,44.0,33.0,0.011041661330572917,0.013148189971281001,0.0004880196591094321,0.138599734,,0.004443478497238351,0.04081940124024084,41.0,0.00018138013168115464,41.0
WHITEFIELD ELIZABETH BRIDGET,0.0,0.100756163,0.022151899,3,1.0,1.0,609.0,0.0,0.00034365370911704647,0.030303030303030304,0.1129032269573361,0.03588747774237086,88.0,0.0018088759390495694,6.491599500135161e-05,116.0,159.0,92.0,87.0,98.0,134.0,109.0,94.0,0.0,0.000450681007268881,1.3453690034862e-05,0.004694178,,0.0018088759390495694,0.0012895781743259358,98.0,2.3326869310616566e-06,107.0
WHITWAM ANDREW,2.764011721,25.81410203,0.136075949,10,1.0,0.5,3804.0,0.007246672196663367,0.09388425777605701,0.13636363636363635,0.6935483839729448,0.23276073757732538,20.0,0.005649395789938064,0.0013149575309322206,14.0,25.0,24.0,17.0,47.0,21.0,28.25,20.0,0.04024166401180887,0.22869748133868403,0.002996122286221235,0.07397413,,0.011298791579876129,0.08647734940917853,26.0,0.0004885447736772162,19.0
WILCOCK STEPHEN JOHN,54.08677224,55.13278361,0.161392405,16,1.0,0.5,1350.6875,0.14180443071965976,0.2005404354522232,0.22727272727272727,0.8225806433527575,0.34804955919934194,10.0,0.002005932774979487,0.0006981640181151233,31.0,6.0,15.0,6.0,13.0,90.0,10.0,10.0,2.086789314169968,0.5346844065165968,0.00624743285830952,0.333396384,,0.004011865549958974,0.7402793843862184,8.0,0.0014849506797819535,10.0
WOOD KARL IAN,0.9,8.201177963,0.116033755,5,1.0,0.5,863.0,0.002359615528199502,0.029811555408422924,0.06060606060606061,0.5913978469961845,0.1710437696347169,43.0,0.001281658403448094,0.00021921968470977484,65.0,42.0,32.0,35.0,71.0,116.0,45.0,35.0,0.0054787293,0.06704434280629629,0.001014816252875605,0.01780621,,0.002563316806896188,0.022836024589792975,62.0,2.9267982816855476e-05,63.0
WOODROW PHILLIP ANDREW,23.94808069,75.80505331,0.151898734,20,1.0,0.5,1363.6,0.0627869589629985,0.27574249609320606,0.2878787878787879,0.7741935460853278,0.35015044725508004,9.0,0.002025109384637104,0.000709092956771142,30.0,11.0,10.0,10.0,9.0,88.0,10.0,10.0,0.7149510060681242,0.7730539450561686,0.004789245412134067,0.4707431,,0.004050218769274208,0.4908843241341067,11.0,0.0009940944515752215,13.0
WULFF PETER,0.0,0.063016676,0.015822785,2,1.0,1.0,2113.0,0.0,0.00020636413080172563,0.015151515151515152,0.08064516211238293,0.024000760348674953,100.0,0.006276116353385452,0.00015063156451800399,83.0,159.0,106.0,102.0,127.0,56.0,123.5,102.0,0.0,0.00024487574506828797,4.452120306589999e-06,0.001293744,,0.006276116353385452,0.00038576796634371953,106.0,2.4211246421820666e-06,104.0
YORK ANDREW JOHN,1.0,0.077373644,0.018987342,3,1.0,0.5,853.0,0.0026217950313327802,0.00025859224091372997,0.030303030303030304,0.09677419453485951,0.032489403027534086,93.0,0.001266807205262137,4.115780984994567e-05,126.0,40.0,102.0,95.0,98.0,117.0,83.75,77.0,0.006745127,0.000312998750963116,7.650398825982e-06,0.004694178,,0.002533614410524274,0.0029399885374472748,83.0,3.7243986626262994e-06,96.0
